"","accion","fecha","precio","tasa_libre","a","b","d","m","mu_normal","sigma_normal"
"1","GFINBURO.MX","2025-07-31",48.5800018310547,0.085,0.0575262499566804,2.73444736399262,0.277482896814488,0.00147336263014992,0.0847690130732074,0.0214935770309453
