"","accion","fecha","precio","tasa_libre","a","b","d","m","mu_normal","sigma_normal"
"1","GCARSOA1.MX","2025-07-31",134.100006103516,0.085,0.051921580237497,2.60839022712399,0.421767053760666,0.000439134966367287,0.0847157445712082,0.0238434657208963
